--
-- Script was generated by Devart dbForge Studio 2020 for MySQL, Version 9.0.338.0
-- Product home page: http://www.devart.com/dbforge/mysql/studio
-- Script date 7/21/2022 10:09:10 AM
-- Server version: 10.5.8
-- Client version: 4.1
--

-- 
-- Disable foreign keys
-- 
/*!40014 SET @OLD_FOREIGN_KEY_CHECKS=@@FOREIGN_KEY_CHECKS, FOREIGN_KEY_CHECKS=0 */;

-- 
-- Set SQL mode
-- 
/*!40101 SET @OLD_SQL_MODE=@@SQL_MODE, SQL_MODE='NO_AUTO_VALUE_ON_ZERO' */;

-- 
-- Set character set the client will use to send SQL statements to the server
--
SET NAMES 'utf8';

--
-- Set default database
--
USE `wdt.2022.pvdinh`;

--
-- Drop procedure `Proc_Employee_GetData`
--
DROP PROCEDURE IF EXISTS Proc_Employee_GetData;

--
-- Drop procedure `Proc_Employee_GetDataByEmployeeCode`
--
DROP PROCEDURE IF EXISTS Proc_Employee_GetDataByEmployeeCode;

--
-- Drop procedure `Proc_Employee_Update`
--
DROP PROCEDURE IF EXISTS Proc_Employee_Update;

--
-- Drop table `employee`
--
DROP TABLE IF EXISTS employee;

--
-- Drop table `department`
--
DROP TABLE IF EXISTS department;

--
-- Drop table `positions`
--
DROP TABLE IF EXISTS positions;

--
-- Set default database
--
USE `wdt.2022.pvdinh`;

--
-- Create table `positions`
--
CREATE TABLE positions (
  PositionCode int(11) NOT NULL COMMENT 'Mã chức vụ',
  PositionName varchar(255) DEFAULT '',
  PRIMARY KEY (PositionCode)
)
ENGINE = INNODB,
AVG_ROW_LENGTH = 3276,
CHARACTER SET utf8,
COLLATE utf8_unicode_ci,
COMMENT = 'Bảng lưu thông tin chức vụ';

--
-- Create table `department`
--
CREATE TABLE department (
  DepartmentCode int(11) NOT NULL COMMENT 'Mã phòng ban',
  DepartmentName varchar(255) NOT NULL DEFAULT '' COMMENT 'Tên phòng ban',
  PRIMARY KEY (DepartmentCode)
)
ENGINE = INNODB,
AVG_ROW_LENGTH = 3276,
CHARACTER SET utf8,
COLLATE utf8_unicode_ci,
COMMENT = 'Bảng lưu thông tin phòng ban';

--
-- Create index `DepartmentCode` on table `department`
--
ALTER TABLE department
ADD UNIQUE INDEX DepartmentCode (DepartmentCode);

--
-- Create table `employee`
--
CREATE TABLE employee (
  EmployeeID varchar(36) CHARACTER SET utf8 COLLATE utf8_unicode_ci NOT NULL DEFAULT '' COMMENT 'Mã định danh nhân viên',
  EmployeeCode varchar(20) CHARACTER SET utf8 COLLATE utf8_unicode_ci DEFAULT NULL COMMENT 'Mã nhân viên',
  EmployeeName varchar(100) CHARACTER SET utf8 COLLATE utf8_unicode_ci DEFAULT NULL COMMENT 'Tên nhân viên',
  DateOfBirth date DEFAULT NULL COMMENT 'Ngày sinh',
  Gender int(11) DEFAULT NULL COMMENT 'Giới tính ( 0 : Nữ, 1 : Nam, 2 : Khác)',
  PeopleID varchar(25) CHARACTER SET utf8 COLLATE utf8_unicode_ci DEFAULT NULL COMMENT 'Số CMTND/CCCD',
  DateRange date DEFAULT NULL COMMENT 'Ngày cấp CMT/CCCD',
  AddressRange varchar(255) CHARACTER SET utf8 COLLATE utf8_unicode_ci DEFAULT NULL COMMENT 'Nơi cấp CMT/CCCD',
  Email varchar(100) CHARACTER SET utf8 COLLATE utf8_unicode_ci DEFAULT NULL COMMENT 'Email',
  Phone varchar(15) CHARACTER SET utf8 COLLATE utf8_unicode_ci DEFAULT NULL COMMENT 'Số điện thoại',
  SingerCode varchar(25) CHARACTER SET utf8 COLLATE utf8_unicode_ci DEFAULT NULL COMMENT 'Mã thuế cá nhân',
  Salary decimal(18, 4) DEFAULT NULL COMMENT 'Tiền lương',
  DateOfJoin date DEFAULT NULL COMMENT 'Ngày gia nhập công ty',
  WorkStatus int(11) DEFAULT NULL COMMENT 'Tình trạng làm việc',
  PositionCode int(11) DEFAULT NULL COMMENT 'Mã chức vụ',
  DepartmentCode int(11) DEFAULT NULL COMMENT 'Mã phòng ban',
  CreatedBy varchar(50) CHARACTER SET utf8 COLLATE utf8_unicode_ci DEFAULT NULL COMMENT 'Người tạo',
  CreatedDate datetime DEFAULT NULL COMMENT 'Thời gian tạo',
  PRIMARY KEY (EmployeeID)
)
ENGINE = INNODB,
AVG_ROW_LENGTH = 491,
CHARACTER SET utf8mb4,
COLLATE utf8mb4_general_ci,
COMMENT = 'Bảng lưu thông tin nhân viên';

--
-- Create index `EmployeeCode` on table `employee`
--
ALTER TABLE employee
ADD UNIQUE INDEX EmployeeCode (EmployeeCode);

--
-- Create foreign key
--
ALTER TABLE employee
ADD CONSTRAINT FK_Employee_Department FOREIGN KEY (DepartmentCode)
REFERENCES department (DepartmentCode) ON DELETE NO ACTION;

--
-- Create foreign key
--
ALTER TABLE employee
ADD CONSTRAINT FK_Employee_Position FOREIGN KEY (PositionCode)
REFERENCES positions (PositionCode) ON DELETE NO ACTION;

DELIMITER $$

--
-- Create procedure `Proc_Employee_Update`
--
CREATE DEFINER = 'root'@'localhost'
PROCEDURE Proc_Employee_Update (IN $employeeCode varchar(20), IN $employeeName varchar(100), IN $dateOfBirth date, IN $gender int, IN $peopleID varchar(25), IN $dateRange date, IN $addressRange varchar(255), IN $email varchar(100), IN $phone varchar(15), IN $singerCode varchar(25), IN $salary decimal(18, 4), IN $dateOfJoin date, IN $workStatus int, IN $positionCode int, IN $departmentCode int)
BEGIN
  UPDATE employee
  SET EmployeeName = $employeeName,
      DateOfBirth = $dateOfBirth,
      Gender = $gender,
      PeopleID = $peopleID,
      DateRange = $dateRange,
      AddressRange = $addressRange,
      Email = $email,
      Phone = $phone,
      SingerCode = $singerCode,
      Salary = $salary,
      DateOfJoin = $dateOfJoin,
      WorkStatus = $workStatus,
      PositionCode = $positionCode,
      DepartmentCode = $departmentCode
  WHERE EmployeeCode = $employeeCode;
END
$$

--
-- Create procedure `Proc_Employee_GetDataByEmployeeCode`
--
CREATE DEFINER = 'root'@'localhost'
PROCEDURE Proc_Employee_GetDataByEmployeeCode (IN $employeeCode varchar(25))
BEGIN
  SELECT
    e.EmployeeID,
    e.EmployeeCode,
    e.EmployeeName,
    e.DateOfBirth,
    e.Gender,
    e.PeopleID,
    e.DateRange,
    e.AddressRange,
    e.Email,
    e.Phone,
    e.PositionCode AS PositionCode,
    e.DepartmentCode AS DepartmentCode,
    e.SingerCode,
    e.Salary,
    e.DateOfJoin,
    e.WorkStatus,
    p.PositionName AS PositionName,
    d.DepartmentName AS DepartmentName
  FROM employee e
    INNER JOIN department d
      ON e.DepartmentCode = d.DepartmentCode
    INNER JOIN positions p
      ON e.PositionCode = p.PositionCode
  WHERE e.EmployeeCode = $employeeCode;
END
$$

--
-- Create procedure `Proc_Employee_GetData`
--
CREATE DEFINER = 'root'@'localhost'
PROCEDURE Proc_Employee_GetData (IN $Code varchar(255), IN $Page varchar(255))
COMMENT 'PhamDinh(14/7/2022): Tạo proc lấy dữ liệu nhân viên'
BEGIN
  DROP TABLE IF EXISTS `wdt.2022.pvdinh`.`tmp_employee`;
  CREATE TABLE IF NOT EXISTS `wdt.2022.pvdinh`.`tmp_employee` (
    -- Tạo bảng tạm lưu dữ liệu nhân viên
    EmployeeID varchar(36),
    EmployeeCode varchar(20),
    EmployeeName varchar(100),
    DateOfBirth date,
    Gender smallint(5),
    PeopleID varchar(25),
    AddressRange varchar(255),
    DateRange date,
    Email varchar(100),
    Phone varchar(50),
    PositionCode int(11),
    PositionName varchar(255),
    DepartmentCode int(11),
    DepartmentName varchar(255),
    SingerCode varchar(20),
    Salary decimal(18, 4),
    DateOfJoin date,
    WorkStatus smallint(5),
    CreatedDate datetime
  );
  -- Insert dữ liệu vào bảng tạm
  INSERT INTO `wdt.2022.pvdinh`.`tmp_employee`
    SELECT
      e.EmployeeID,
      e.EmployeeCode,
      e.EmployeeName,
      e.DateOfBirth,
      e.Gender,
      e.PeopleID,
      e.AddressRange,
      e.DateRange,
      e.Email,
      e.Phone,
      e.PositionCode,
      p.PositionName,
      e.DepartmentCode,
      d.DepartmentName,
      e.SingerCode,
      e.Salary,
      e.DateOfJoin,
      e.WorkStatus,
      e.CreatedDate
    FROM `wdt.2022.pvdinh`.`employee` e
      INNER JOIN `wdt.2022.pvdinh`.`department` d
        ON e.DepartmentCode = d.DepartmentCode
      INNER JOIN `wdt.2022.pvdinh`.`positions` p
        ON e.PositionCode = p.PositionCode;
  SET @filterQuery = CONCAT('SELECT * FROM `wdt.2022.pvdinh`.`tmp_employee` ', $Code, ' ORDER BY CreatedDate DESC ', $Page);
  PREPARE stmt1 FROM @filterQuery;
  EXECUTE stmt1;
  DEALLOCATE PREPARE stmt1;
  DROP TABLE IF EXISTS `wdt.2022.pvdinh`.`tmp_employee`;
END
$$

DELIMITER ;

-- 
-- Dumping data for table positions
--
INSERT INTO positions VALUES
(0, 'Giám đốc'),
(1, 'Trưởng phòng'),
(2, 'Nhân viên'),
(3, 'Quản lý'),
(4, 'Nhân viên');

-- 
-- Dumping data for table department
--
INSERT INTO department VALUES
(0, 'Phòng nhân sự'),
(1, 'Phòng sản xuất'),
(2, 'Phòng kinh doanh'),
(3, 'Ban điều hành'),
(4, 'Ban đối ngoại');

-- 
-- Dumping data for table employee
--
INSERT INTO employee VALUES
('118f97f1-28a6-4c1b-f052-311a04b496f9', 'NV62781', 'Najera259', '2000-09-24', 1, '8188973732', '1986-11-26', 'Wadesboro', 'Tiffanie.Romero27@nowhere.com', '6164636854', '61955405', 58912586.9988, '1972-05-17', 2, 4, 0, 'admin', '1983-08-02 16:37:16'),
('11f33aeb-4efc-47a7-66d2-3c86733c21a7', 'NV84282', 'Mitzie2005', '1992-03-13', 1, '8762416268', '1978-08-27', 'Ackley', 'Forsyth4@example.com', '2133737130', '04001889', 40872589.1805, '1993-05-07', 2, 4, 2, 'admin', '1970-01-01 00:14:17'),
('13009936-3cb7-1bd0-f47e-9b9c7c262a46', 'NV34927', 'Adolph45', '2000-09-05', 1, '9929874883', '2014-12-29', 'Lonsdale', 'gndd9978@example.com', '4343896139', '72420622', 71188469.2825, '2016-04-18', 1, 2, 2, 'admin', '1995-08-02 23:20:20'),
('134362de-4182-7aa7-067f-9b9c7c262a46', 'NV67376', 'Bobby284', '2003-06-12', 1, '6094224962', '2000-11-17', 'Orwigsburg', 'ShawannaKAguilera@example.com', '2872546894', '28305282', 43623289.6842, '1970-04-01', 2, 1, 3, 'admin', '1970-01-01 00:07:18'),
('13659f71-11a5-3c43-6651-12b245ff3d02', 'NV26108', 'Aiko2002', '2001-05-16', 0, '9440709519', '1992-04-14', 'Somersworth', 'ReaReyna391@nowhere.com', '7363357338', '56387529', 39612506.1420, '1970-01-12', 0, 0, 2, 'admin', '1980-02-24 12:10:00'),
('1381ce35-168f-779a-f67e-9b9c7c262a46', 'NV73133', 'Abigail658', '2001-04-22', 1, '5373240899', '1979-04-23', 'Hogansburg', 'Ivan.Southern98@example.com', '5050070957', NULL, 11474416.9599, NULL, NULL, 0, 3, 'admin', '1991-01-27 04:08:47'),
('13993edb-4ddb-5f26-d907-b3681f1cfddf', 'NV05344', 'Carmela778', '1999-05-25', 1, '1908910306', '2013-03-11', 'Waddell', 'Adaline_Abbott@example.com', '8796848619', '83395081', 57128558.7528, '2005-01-14', 0, 3, 0, 'admin', '1980-07-17 02:31:45'),
('13b68cb4-6d56-42d0-6851-12b245ff3d02', 'NV01292', 'Darius1', '2001-07-07', 1, '5458301794', '1970-01-07', 'Holcombe', 'BartonBatchelor146@nowhere.com', '7678471786', '47300257', 19199956.3073, '1996-04-24', 2, 2, 1, 'admin', '2002-07-31 22:26:56'),
('13e171c4-6184-6f58-de07-b3681f1cfddf', 'NV91876', 'Edyth2022', '1999-05-25', 1, '0410219410', '2021-09-07', 'Lorain', 'GoldaApplegate9@nowhere.com', '5108975025', '36847794', 36027410.1929, '1970-01-12', 1, 4, 2, 'admin', '1970-01-01 00:00:09'),
('1484cce4-7bcc-2399-721d-bb3758d4bac0', 'NV16661', 'Sauer1', '1999-08-09', 1, '6768196555', '1991-03-20', 'Hohenwald', 'Abbie.Watts@example.com', '1478654239', '07849583', 45191758.4418, '1972-08-23', 1, 0, 0, 'admin', '2002-07-16 06:23:48'),
('14936c9d-12eb-1a06-62d2-3c86733c21a7', 'NV58533', 'Trisha183', NULL, NULL, '9103437311', NULL, NULL, NULL, NULL, '28297351', NULL, '2018-02-01', 3, 1, 1, NULL, '1970-01-01 00:04:16'),
('14ba1b7d-55c8-1340-e607-b3681f1cfddf', 'NV41121', 'Mata29', '1996-04-20', 1, '4158507058', '1970-02-15', 'Sorrento', 'AddieAVincent436@nowhere.com', '5936627110', '70424411', 77998131.8412, '1971-06-24', 2, 0, 1, 'admin', '1974-10-22 02:28:10'),
('16c79afa-67f0-4c36-fe7e-9b9c7c262a46', 'NV51818', 'Kendrick1962', '1993-07-24', 2, '1407789672', '1971-07-05', 'Lordsburg', 'Baumann@example.com', '1879245758', '68820362', 74996764.5866, '2002-06-19', 3, 0, 2, 'admin', '1973-05-03 13:15:05'),
('174b1507-7895-6462-0eca-194e61bec35f', 'NV78191', 'Alesia1986', '1993-09-30', 1, '4946938558', '1971-10-01', 'Rockville Centre', 'Steve.A.Pape@nowhere.com', '9894434891', '22846921', 56769367.6454, '2000-05-09', 1, 1, 2, 'admin', '1970-01-01 00:56:40'),
('1804f3cf-733f-4540-8c9c-90632a97d71b', 'NV51367', 'Kristofer856', NULL, NULL, '1839771186', NULL, NULL, NULL, NULL, '51015343', NULL, '1986-07-31', 1, 2, 2, NULL, '1970-01-01 00:12:58'),
('184c9878-4cd8-489d-7651-12b245ff3d02', 'NV08287', 'Allen797', '1992-01-05', 2, '5834675553', '2001-03-11', 'Rocky River', 'GavinPGutierrez43@example.com', '1988144923', '75032410', 37580059.3602, '2006-02-17', 3, 1, 4, 'admin', '1976-12-30 16:33:41'),
('1a4da84d-6b39-26bf-8e9c-90632a97d71b', 'NV14513', 'Barney1986', '2000-09-02', 2, '2972307988', '1990-06-25', 'Hollandale', 'AdamCronin8@example.com', '2833144495', '46033514', 47611162.5282, '1994-05-16', 0, 1, 1, 'admin', '1982-03-03 19:00:05'),
('1a54b12d-48ef-6bf1-7951-12b245ff3d02', 'NV23042', 'Blanton1999', '2001-06-12', 1, '7034096495', '1991-08-05', NULL, 'Troy_SAllan@nowhere.com', '3966727059', '78697107', 20867115.4741, '2002-06-02', 0, 4, 2, 'admin', '1970-01-01 02:16:21'),
('1ae2a68d-28e7-464e-f87e-9b9c7c262a46', 'NV33242', 'Caleb49', '2001-08-26', 1, '7374600838', '1970-02-07', 'Somerton', 'uvrguf247@nowhere.com', '4018166726', '81181252', 18856800.6088, '2017-11-12', 2, 0, 4, 'admin', '1970-01-01 00:00:13'),
('1b2d4059-4a4d-751f-7f9c-90632a97d71b', 'NV05475', 'Carrasco431', '2001-09-21', 1, '5249542645', '1984-01-13', 'Holcomb', 'Diehl764@nowhere.com', '1963833525', '58133987', 36201719.5134, '1999-02-11', 2, 3, 1, 'admin', '1997-12-25 00:09:38'),
('1b8a6f6e-64f6-50dc-899c-90632a97d71b', 'NV84090', 'Andrus914', '2004-01-25', 1, '9110296084', '2007-12-01', 'Wahiawa', 'yuzrwueu197@example.com', '3457940375', '02576313', 73238139.6058, '2022-04-22', 0, 1, 1, 'admin', '1974-01-04 21:34:48'),
('1c7e8167-2f46-4737-23ca-194e61bec35f', 'NV89668', 'Abdul751', '1992-01-01', 0, '8608387516', '2012-01-19', 'Soquel', 'lditaxv7@example.com', '7653282770', '45397578', 30453005.8698, '1984-11-08', 3, 4, 0, 'admin', '1970-01-01 00:53:22'),
('1cc8294c-1f70-68fa-731d-bb3758d4bac0', 'NV08416', 'Benito2023', '2003-06-20', 2, '9440910073', '1970-01-18', 'Lopez Island', 'Kaye58@example.com', '7931228036', '33782076', 47133710.9621, '1990-06-14', 3, 4, 3, 'admin', '1970-01-01 00:00:07'),
('1df115e4-45e6-7397-5dd2-3c86733c21a7', 'NV54282', 'Gayle826', '1992-03-23', 2, '7775572361', '1970-01-02', 'Floodwood', 'Floyd482@nowhere.com', '8509450069', '73634107', 47420210.4348, '1989-12-21', 2, 3, 0, 'admin', '2005-05-01 20:03:53'),
('1e9630ab-10a1-4828-89b2-7133ce82e2a9', 'NV1234', 'Pham Van Dinh', '2022-01-01', 1, '6789', '2022-01-01', 'a', 'abcd@gmail.com', '1234', '1243', 1000000.0000, '2022-01-01', 1, 1, 1, 'admin', '2022-07-21 02:18:08'),
('1eaa0ead-4714-14b3-8a9c-90632a97d71b', 'NV76003', 'Juan732', '2002-11-14', 2, '7107528472', '1988-11-18', 'Hoyleton', 'HynesT368@example.com', '6927452134', '91184453', 34388982.1436, '2012-11-03', 1, 4, 2, 'admin', '2015-06-11 22:33:12'),
('1eecdd59-14c4-253b-f77e-9b9c7c262a46', 'NV79421', 'Lewis1950', '1996-02-17', 2, '8760619554', '2022-02-08', 'Orrstown', 'Sanderson@example.com', '4543423342', '53732408', 48439927.1768, '2008-01-05', 1, 3, 4, 'admin', '2006-05-10 08:15:44'),
('1f2c8beb-2617-57fa-fc7e-9b9c7c262a46', 'NV07126', 'Ahmed2012', '2004-02-07', 0, '6634541898', '1990-11-22', 'Howard Beach', 'Chantell_EAlba4@example.com', '3323115556', '79939207', 30754027.9498, '2000-01-01', 1, 3, 3, 'admin', '1970-01-01 00:14:47'),
('2065726e-2b20-5c8f-6e51-12b245ff3d02', 'NV75400', 'Daniele1985', '1998-04-20', 2, '3370320125', '1970-03-18', 'Los Alamitos', 'Kareem.J_Barlow8@example.com', '8979274292', '23262995', 51253764.9711, '1970-01-08', 2, 1, 1, 'admin', '1978-03-10 01:54:32'),
('212e5c5b-2063-6de8-869c-90632a97d71b', 'NV15498', 'Alexander3', NULL, NULL, '0551015343', NULL, NULL, NULL, NULL, '69682117', NULL, '1970-01-18', 0, 0, 4, NULL, '1970-01-01 00:00:23'),
('220abde0-1d45-4ea8-5b23-b4512d979a92', 'NV33008', 'Missy2020', '2000-04-02', 2, '0665904536', '1970-01-03', 'Roebling', 'Allman371@nowhere.com', '2548706060', '52847274', 12451066.9089, '1972-12-02', 2, 1, 2, 'admin', '2015-03-19 14:45:24'),
('227d8b20-39d9-6c4e-1bca-194e61bec35f', 'NV95080', 'Reta642', '1992-01-10', 2, '9812819900', '2017-05-22', 'Flora Vista', 'Abbie_Prentice@nowhere.com', '9234734595', '12564008', 68908165.2789, '2013-07-17', 0, 3, 3, 'admin', '1970-01-01 00:00:22'),
('22d67bfd-76e6-1b37-e707-b3681f1cfddf', 'NV70758', 'Babin2006', '1997-05-02', 1, '5197238446', '2009-12-29', 'Osakis', 'akcjoud4685@example.com', '1803150789', '43389970', 63358174.9312, '1988-09-27', 2, 1, 1, 'admin', '2003-03-28 10:59:09'),
('23477c28-264f-242a-4b23-b4512d979a92', 'NV17966', 'Angelia7', '2003-01-15', 0, '0170068061', '1978-01-08', 'Somers', 'AlessandraNMckenzie72@example.com', '7668822793', '42521092', 48951802.6684, '1970-08-10', 2, 1, 3, 'admin', '1970-01-01 02:25:46'),
('23cda3a0-5b19-54fd-6751-12b245ff3d02', 'NV13708', 'Herb169', '1992-05-08', 2, '6958166008', '1970-01-04', 'Brodheadsville', 'India_Trapp@example.com', '9073549052', '38609588', 55272919.3469, '1984-09-15', 3, 0, 1, 'admin', '1970-01-01 00:00:18'),
('24443964-4300-356b-077f-9b9c7c262a46', 'NV54256', 'Flora2009', '1992-09-18', 0, '0976207248', '1983-12-20', 'Broken Bow', 'AronBohannon947@example.com', '8211705604', '81990072', 29725872.1652, '1970-02-10', 3, 1, 1, 'admin', '1985-12-20 03:42:51'),
('247a53e7-47a6-51e4-6951-12b245ff3d02', 'NV92174', 'Yuki2004', NULL, NULL, '3111696821', NULL, NULL, NULL, NULL, '87783026', NULL, '2011-01-25', 1, 4, 2, NULL, '1970-01-01 00:00:07'),
('24f10e01-16e1-5507-15ca-194e61bec35f', 'NV98788', 'Tyree83', NULL, NULL, '2786958818', NULL, NULL, NULL, NULL, '23181212', NULL, '2007-05-10', 2, 1, 1, NULL, '2001-12-30 19:23:54'),
('25040392-1c19-35cc-df07-b3681f1cfddf', 'NV14945', 'Blackwood2018', '2003-04-16', 1, '9155974136', '1984-11-23', 'Wagoner', 'Rico@example.com', '6509708757', '45695816', 32193409.6116, '1970-03-01', 1, 4, 3, 'admin', '1970-01-01 00:09:31'),
('25832852-6fb4-18de-0fca-194e61bec35f', 'NV80300', 'Andrew2004', '1992-01-25', 0, '0482379250', '1970-01-25', 'Rockwall', 'Violette_Maxey368@example.com', '2086478189', '46938558', 14944918.1799, '2021-06-01', 3, 2, 4, 'admin', '1992-12-19 15:32:31'),
('25c7da0c-63a5-4130-1fca-194e61bec35f', 'NV25690', 'Cloud1958', '1999-04-07', 0, '4229513959', '1971-09-23', 'Florham Park', 'Alley519@example.com', '6379584282', '97559607', 70872381.8002, '1984-07-05', 0, 1, 4, 'admin', '1994-02-11 11:20:16'),
('2650734e-21b4-4518-6551-12b245ff3d02', 'NV74663', 'Adrian25', '1993-11-12', 1, '2696617499', '2020-09-10', 'Brockway', 'Killian@nowhere.com', '1665329443', NULL, 50778159.7135, NULL, NULL, 1, 4, 'admin', '1970-01-01 00:00:10'),
('26ce992b-7054-77e9-36d8-35a048ff0079', 'NV61396', 'Percy22', '2002-07-01', 2, '1339873860', '1983-07-12', 'Abernathy', 'Monty.Swan5@nowhere.com', '9817142451', '56922700', 71827040.3966, '2009-02-26', 2, 2, 2, 'admin', '1974-06-28 19:44:45'),
('27341263-7cbf-193d-781d-bb3758d4bac0', 'NV13179', 'Jamaal1989', '2001-10-02', 1, '9825453975', '1970-01-22', 'Los Altos', 'Alderman75@example.com', '6205919588', '61570770', 23702135.1562, '2022-01-03', 2, 3, 3, 'admin', '2002-06-27 16:01:43'),
('273a0398-53e3-3be1-13ca-194e61bec35f', 'NV92126', 'Abram2009', '2001-02-26', 1, '8477949602', '1970-11-03', 'Wadsworth', 'Mcnamara616@example.com', '8575160705', '70951940', 52771194.5150, '2008-11-19', 3, 0, 0, 'admin', '2003-11-22 16:31:20'),
('27ac3b67-45b2-4c89-5023-b4512d979a92', 'NV06248', 'Hightower1987', '2004-12-12', 0, '1645574777', '2009-04-19', 'Howard', 'AllenDupree@example.com', '5610383756', '59328446', 72935893.5241, '1989-06-21', 2, 2, 0, 'admin', '1970-01-01 00:00:04'),
('296cd33d-13cb-3621-8b9c-90632a97d71b', 'NV84373', 'Dominique6', '1998-06-30', 1, '3538278165', '2012-09-17', 'Bronson', 'Fred_F_Blakely@example.com', '1431959073', '86410573', 15954614.5952, '1970-01-22', 2, 3, 3, 'admin', '2005-11-24 17:30:29'),
('2ad5bf0f-744c-6ef9-17ca-194e61bec35f', 'NV51695', 'Acevedo2026', '1992-02-08', 0, '1723262995', '1970-01-12', 'Howard County', 'Aldridge@example.com', '9686887285', NULL, 34851656.8755, NULL, NULL, 1, 4, 'admin', '1970-01-01 00:00:04'),
('2be38bad-21e4-2da3-7c1d-bb3758d4bac0', 'NV62291', 'Hendricks342', '1999-12-14', 2, '0457028480', '2008-06-15', 'Osage Beach', 'AllenBellamy@example.com', '3311140601', '58058610', 59868336.5602, '1977-10-25', 2, 3, 1, 'admin', '2014-10-09 12:12:38'),
('2c205f50-66d6-526d-007f-9b9c7c262a46', 'NV90313', 'Hester15', '2002-06-15', 2, '6523783007', '1970-01-07', 'Flora', 'rchcgy98@example.com', '3219537830', '95881804', 56916740.3545, '2015-01-27', 2, 3, 4, 'admin', '1974-10-18 01:15:55'),
('2d6b06aa-76f6-7699-e007-b3681f1cfddf', 'NV35556', 'Kiersten2024', NULL, NULL, '8996877451', NULL, NULL, NULL, NULL, '07789672', NULL, '1998-02-12', 1, 2, 1, NULL, '1970-01-01 00:07:04'),
('2e1915ef-457b-6342-7151-12b245ff3d02', 'NV32292', 'Emil2027', '2002-04-18', 1, '2619804839', '2019-06-24', 'Hoxie', 'CarmineAcevedo@example.com', '8115107190', '71959812', 79379837.5600, '1970-01-07', 2, 0, 4, 'admin', '1970-01-01 00:06:18'),
('2fa3159e-27b0-1bea-5bd2-3c86733c21a7', 'NV27953', 'Armando7', '1998-07-26', 1, '4429376244', '2016-10-18', 'Rockwell City', 'PendletonM@nowhere.com', '6698009858', '60083868', 62546116.4573, '1997-02-23', 0, 3, 2, 'admin', '2010-09-05 03:33:56'),
('30301f6e-4640-3b64-fb52-311a04b496f9', 'NV40068', 'Delaine2019', '1998-02-24', 0, '9813897468', '2000-06-24', 'Hubertus', 'zpicux17@example.com', '3399358824', NULL, 50711445.3255, NULL, NULL, 4, 2, 'admin', '1970-01-01 00:00:03'),
('3042dc9a-3fac-6024-fa7e-9b9c7c262a46', 'NV96443', 'Melody1989', '1992-07-08', 1, '0370303574', '1995-01-03', 'Rockwell', 'Nannie_Farr@nowhere.com', '0597842073', '54530673', 47780176.3664, '1970-03-03', 1, 1, 3, 'admin', '1973-04-15 12:14:07'),
('31c0f306-7d4d-604f-919c-90632a97d71b', 'NV38973', 'Shelli6', '2000-06-30', 0, '8568807191', '1970-01-03', 'Accord', 'Mansfield@example.com', '2684381102', '58074144', 63023940.4601, '2008-06-04', 2, 2, 0, 'admin', '2006-06-14 15:19:33'),
('31e6cd03-32ac-2d98-6b51-12b245ff3d02', 'NV44974', 'Stephanie38', NULL, NULL, '7771217455', NULL, NULL, NULL, NULL, '92392786', NULL, '2019-02-21', 3, 3, 4, NULL, '1998-12-27 02:00:12'),
('31e73993-37c0-7634-3fd8-35a048ff0079', 'NV67644', 'Andrew55', '1992-10-03', 1, '5582382464', '1971-03-14', 'Florida', 'BeverleyHeller44@example.com', '1531991413', NULL, 73558906.7176, NULL, NULL, 1, 4, 'admin', '1985-02-24 09:54:04'),
('32a4ccba-185f-294c-017f-9b9c7c262a46', 'NV15568', 'Renato873', '1996-04-22', 2, '9607802141', '1981-04-17', 'Ortonville', 'Redding124@example.com', '6313044376', '88417183', 72709543.4938, '1974-07-10', 1, 2, 0, 'admin', '1970-01-01 00:00:44'),
('32d493cf-4659-71d0-1cca-194e61bec35f', 'NV99274', 'Steven2019', '1995-02-19', 1, '3552826168', '1979-06-09', 'Floral', 'JeraldineFlores@example.com', '2730772262', '11148714', 75265583.7728, '2009-09-14', 0, 4, 1, 'admin', '1970-01-01 00:00:09'),
('333e612d-41ac-4094-3dd8-35a048ff0079', 'NV94405', 'Sammy9', '1993-08-26', 2, '8169593170', '1974-08-21', 'Holicong', 'AlonsoSierra@example.com', '0707589951', '51789447', 12745272.5524, '1979-12-14', 1, 2, 1, 'admin', '2020-06-29 13:41:23'),
('335247c0-5fe2-71e9-f57e-9b9c7c262a46', 'NV75784', 'Ada2005', '1996-07-22', 1, '1225278280', '1979-11-21', 'Housatonic', 'Palmer_Lofton@example.com', '9939974840', '55493854', 63975424.1271, '2006-04-05', 2, 3, 4, 'admin', '1990-01-13 08:45:51'),
('3354475d-32e5-4f23-741d-bb3758d4bac0', 'NV87989', 'Darrell1953', '1997-02-05', 1, '3092327652', '1970-01-08', 'Orrville', 'tweihmuo.hfzmuz@example.com', '0669364643', '31819894', 54277849.8630, '1973-08-22', 2, 3, 3, 'admin', '2012-10-10 06:35:01'),
('33e31fd6-76a2-443e-39d8-35a048ff0079', 'NV49034', 'Bertrand783', '1994-01-12', 0, '8636672988', '1972-06-05', 'Brohard', 'Pointer@example.com', '9095513142', '96021645', 30764945.1301, '2012-11-17', 1, 3, 0, 'admin', '1974-07-11 06:28:02'),
('33fb6c18-3fce-1d84-7e9c-90632a97d71b', 'NV12501', 'Ivory222', '1992-01-06', 2, '5306732151', '1972-09-17', 'Wading River', 'Batson@example.com', '3372314168', '06806151', 60159188.5685, '1988-05-11', 2, 2, 1, 'admin', '1998-07-03 05:24:45'),
('36c85a84-262d-7c74-701d-bb3758d4bac0', 'NV51136', 'Florida343', '1997-07-07', 1, '9014366686', '1986-02-01', 'Orrington', 'Shayne_Britton589@example.com', '5477093604', '43551225', 16715209.1900, '2004-12-12', 3, 2, 1, 'admin', '1992-03-19 05:27:43'),
('36ec9723-51ba-2527-3ed8-35a048ff0079', 'NV76501', 'Bradford318', '1999-04-18', 1, '2342738458', '1987-11-15', 'Soperton', 'Abney@example.com', '5607832882', NULL, 28879728.7407, NULL, NULL, 3, 1, 'admin', '2020-01-24 19:37:36'),
('3704da33-560c-1d62-33d8-35a048ff0079', 'NV52148', 'Julius176', '1998-02-15', 2, '1152395692', '1970-01-10', 'Aberdeen', 'Maness@nowhere.com', '9194668391', NULL, 57593143.7930, NULL, NULL, 3, 3, 'admin', '1984-11-01 20:57:04'),
('37d644e2-16ef-5af2-58d2-3c86733c21a7', 'NV93893', 'Allman22', '1992-03-06', 0, '4534078495', '1970-03-07', 'Loogootee', 'Shanta.Beaver89@nowhere.com', '9660024021', '06901436', 66446358.8308, '1981-04-05', 2, 1, 2, 'admin', '1970-01-01 00:06:55'),
('385b6540-4d3d-4bd7-f352-311a04b496f9', 'NV53337', 'Felipa76', '1993-12-27', 1, '9368820362', '2016-11-23', 'Orrtanna', 'Abel_Sharpe@nowhere.com', '4984315281', '11415484', 10720814.3586, '2022-06-11', 2, 3, 1, 'admin', '1978-08-26 18:12:10'),
('3891e103-2403-7508-6a51-12b245ff3d02', 'NV93270', 'Chacon162', NULL, NULL, '5124812942', NULL, NULL, NULL, NULL, '39513092', NULL, '2010-11-16', 0, 1, 0, NULL, '2000-09-23 22:27:58'),
('3935b678-50a9-3b25-57d2-3c86733c21a7', 'NV59461', 'Gerardo1992', '2004-10-02', 1, '0522846921', '2004-07-24', 'Flemington', 'Abernathy@example.com', '5384278879', '99298748', 17643736.6098, '1985-08-04', 0, 4, 2, 'admin', '2008-11-20 23:28:04'),
('39e28a39-205d-5a9d-097f-9b9c7c262a46', 'NV96584', 'Costello2025', '1994-05-26', 0, '0733323822', '1971-01-24', 'Hoyt Lakes', 'imigag68@nowhere.com', '3839063721', NULL, 48613557.1617, NULL, NULL, 1, 2, 'admin', '1973-11-25 13:24:00'),
('39f6c413-1ea8-3cca-38d8-35a048ff0079', 'NV66848', 'Wynona618', '2003-02-06', 2, '0500623951', '1970-01-06', 'Somerville', 'Bergstrom@nowhere.com', '4601870361', '82209905', 48444931.9812, '2005-01-07', 2, 1, 2, 'admin', '2019-05-22 05:32:02'),
('39f9f65e-6802-121a-19ca-194e61bec35f', 'NV90943', 'Tamar2028', '1994-11-29', 2, '3052829755', '1984-08-16', 'Holdenville', 'Dorian.Bryant59@nowhere.com', '0687164699', '86366729', 50229033.6638, '1970-01-10', 1, 1, 1, 'admin', '1980-11-15 03:53:41'),
('3a8177fc-12f2-638f-fd52-311a04b496f9', 'NV85702', 'Alonso395', '1993-01-26', 0, '2926092986', '1975-09-09', 'Brook', 'HelenFellows@example.com', '1611845922', NULL, 56136197.4740, NULL, NULL, 4, 2, 'admin', '1990-05-04 08:51:48'),
('3abbb653-5399-1594-6451-12b245ff3d02', 'NV90003', 'Brandt151', '1993-02-18', 1, '8342521092', '1971-02-19', 'House Springs', 'GregoryMurrell@example.com', '4709065214', '66866336', 78563463.8045, '2020-10-15', 2, 2, 4, 'admin', '1976-07-13 04:07:44'),
('3ad272c3-475a-5c9b-59d2-3c86733c21a7', 'NV13719', 'Huey266', '2001-06-15', 0, '7106294481', '1979-06-16', 'Fletcher', 'Shifflett@example.com', '1339218350', '26764534', 46876677.0268, '1979-12-11', 3, 0, 4, 'admin', '1970-01-01 02:09:09'),
('3d67e4dd-313e-5559-43d8-35a048ff0079', 'NV59502', 'Janetta2024', '2001-07-27', 0, '4276640672', '1971-01-27', 'Soso', 'Montoya672@nowhere.com', '3421702519', '12550589', 64506233.1633, '1979-08-02', 2, 4, 4, 'admin', '1995-02-23 18:34:14'),
('3d9991f7-5619-46ff-909c-90632a97d71b', 'NV76121', 'Glennis7', '1992-05-11', 2, '4550349195', '1998-06-01', 'Osage City', 'TobiasBrothers13@example.com', '6641007006', '81355616', 74429375.9652, '2020-11-21', 0, 4, 2, 'admin', '1974-11-08 17:54:41'),
('3e63f7cd-2f94-4d7d-889c-90632a97d71b', 'NV69657', 'Abrams9', '1993-08-22', 1, '7881381983', '1974-03-11', 'Broken Arrow', 'TandyMahon@nowhere.com', '0125248399', '51248129', 52768903.1485, '1970-02-24', 2, 1, 1, 'admin', '1970-01-01 00:00:03'),
('3f73693f-1c2a-5aa5-7451-12b245ff3d02', 'NV20323', 'Hunter842', '1998-04-03', 1, '9743827053', '1982-08-22', 'Florissant', 'LawrenceBandy788@example.com', '5819163998', '86864854', 58819356.8580, '2003-08-16', 0, 0, 4, 'admin', '1973-11-12 09:24:29'),
('3f8cebfe-4ac0-5810-f752-311a04b496f9', 'NV86864', 'Morin845', '1997-05-02', 0, '7620405861', '1980-10-15', 'Floresville', 'Paulette_Freitas@nowhere.com', '9577526862', '74556523', 34954720.1300, '1978-09-30', 3, 1, 3, 'admin', '2008-01-24 06:44:35'),
('4105001b-2f9d-5ff6-f952-311a04b496f9', 'NV66375', 'Terrell1990', '1993-11-21', 2, '6363142847', '1998-02-25', 'Absecon', 'EdmondGrimm381@example.com', '0422871302', '86192712', 70037053.1852, '1970-01-05', 3, 0, 3, 'admin', '1997-11-05 06:01:00'),
('41229e5a-1d5e-683f-fb7e-9b9c7c262a46', 'NV87678', 'Jordan18', '2002-11-01', 1, '0922124833', '1971-03-16', 'Flint Hill', 'Rudolph_Abel@nowhere.com', '0210956632', '43130048', 16074177.5617, '1991-02-18', 1, 3, 1, 'admin', '1970-01-01 00:01:09'),
('41643f64-6419-268e-819c-90632a97d71b', 'NV52489', 'Adan1955', '1998-10-19', 2, '6169111487', '1977-12-01', 'Brokaw', 'PaulinaHarry5@example.com', '0509616186', '86231293', 31735727.9108, '1991-07-03', 2, 0, 2, 'admin', '1970-01-01 00:00:39'),
('42129c04-6f73-53c8-8d9c-90632a97d71b', 'NV77145', 'Micheal2', '1993-04-22', 0, '2420148157', '1970-04-10', 'Los Lunas', 'Acevedo86@example.com', '9129073623', '81381983', 29050308.1177, '2004-08-23', 0, 1, 3, 'admin', '2014-05-25 03:16:38'),
('4218b918-4e2d-1c86-6d51-12b245ff3d02', 'NV37063', 'Vicki883', '1997-08-07', 2, '0573803405', '1970-03-10', 'Sonoma', 'kfjtwcqi_uhyew@nowhere.com', '4543634602', '23613111', 71068703.4152, '1985-05-02', 0, 2, 4, 'admin', '1993-05-03 14:54:47'),
('4276b9d9-15da-5254-0b7f-9b9c7c262a46', 'NV10242', 'Rob884', '1992-04-06', 0, '1290731748', '1992-05-20', 'Accokeek', 'StanAndrews@example.com', '4195049284', '25265658', 64082638.2922, '1970-02-10', 0, 3, 1, 'admin', '1970-01-01 00:07:53'),
('42a518ba-6c9d-6654-ee52-311a04b496f9', 'NV12373', 'Mcnally2', '1992-05-27', 2, '2255493854', '2002-09-28', 'Solvang', 'Alarcon@example.com', '4373577578', '78798726', 25605839.2129, '1983-01-15', 0, 1, 4, 'admin', '2014-02-12 17:49:47'),
('43515c7b-48d9-5dad-751d-bb3758d4bac0', 'NV03059', 'Karl84', NULL, NULL, '7283108270', NULL, NULL, NULL, NULL, '94409100', NULL, '1982-05-23', 1, 3, 0, NULL, '1970-01-01 00:10:14'),
('43c66db3-6101-1933-5cd2-3c86733c21a7', 'NV95749', 'Batson2021', '1994-01-25', 1, '2433759239', '1977-12-17', 'Rockwood', 'Edwardo.Stanley@example.com', '6837063707', '70303574', 38653903.3260, '1971-05-10', 3, 2, 1, 'admin', '1997-04-01 23:33:20'),
('4445e2b8-1302-12bb-34d8-35a048ff0079', 'NV07442', 'Banks331', '1994-05-17', 1, '1252661482', '1983-12-23', 'Flint', 'Myrtle_Bernard@example.com', '6895903274', '71062944', 78811485.3802, '1975-08-28', 0, 3, 1, 'admin', '1970-01-01 00:00:04'),
('445394d0-5960-7144-3cd8-35a048ff0079', 'NV00646', 'Cythia5', '1992-05-18', 0, '1844530492', '1976-09-25', 'Wagontown', 'sppqjpuu_kggzq@nowhere.com', '8554399199', '38476169', 22870199.2304, '1995-04-26', 1, 4, 3, 'admin', '1970-01-01 00:41:56'),
('451b6ae6-4e28-422f-3ad8-35a048ff0079', 'NV26713', 'Hedy2009', NULL, NULL, '3274762877', NULL, NULL, NULL, NULL, '57885844', NULL, '2001-11-08', 2, 1, 4, NULL, '2005-06-30 13:42:58'),
('45b5cd23-1886-37e7-761d-bb3758d4bac0', 'NV96383', 'Abbie1976', '1992-01-07', 0, '1448077843', '1989-08-04', 'Loretto', 'Chase.U_Abraham@nowhere.com', '0684808859', '32765266', 14463308.0031, '2000-03-06', 3, 1, 2, 'admin', '1973-12-27 23:14:50'),
('45c75e49-3ab0-2d87-64d2-3c86733c21a7', 'NV94554', 'Alexandra2013', '1994-02-06', 2, '3539817902', '1970-09-13', 'Los Ojos', 'MadlynAkin146@example.com', '7761549769', '00536094', 16575330.5968, '1970-01-01', 0, 0, 3, 'admin', '1997-03-23 13:36:13'),
('462d8093-6e2e-58ec-4e23-b4512d979a92', 'NV64307', 'Jessika1979', '2004-10-29', 1, '4313004858', '1971-10-30', 'Brodhead', 'AbbieAbel@example.com', '0566684823', '99115239', 65355462.2248, '1979-05-26', 2, 0, 2, 'admin', '1985-10-03 00:15:48'),
('46bef884-23ea-6d46-1aca-194e61bec35f', 'NV92323', 'Brand678', '1992-01-09', 2, '0257631395', '1982-03-30', 'Rocky Hill', 'IrenaAbernathy@example.com', '8891715964', '34759989', 65728606.4970, '1971-08-18', 2, 2, 0, 'admin', '1975-07-09 21:51:01'),
('4898467b-3642-3de4-1eca-194e61bec35f', 'NV94309', 'Wooden853', '2003-04-09', 1, '8258058610', '1970-01-23', 'Howland', 'MilfordParham@nowhere.com', '4018822036', '78300792', 78061823.8366, '1970-11-23', 2, 0, 0, 'admin', '2021-10-24 21:52:15'),
('48a5911d-61b9-3e43-4d23-b4512d979a92', 'NV57088', 'Alice7', '1996-07-23', 2, '1580012011', '1970-01-04', 'Holbrook', 'Raynor8@example.com', '1090389370', '81676819', 21112040.0843, '1989-06-04', 1, 0, 1, 'admin', '1984-10-28 08:36:30'),
('494c1a80-301a-1417-e107-b3681f1cfddf', 'NV00457', 'Acker631', '1992-01-02', 1, '0324109482', '1992-04-07', 'Orwell', 'LorenzoHacker@example.com', '9868523803', '84777121', 33430721.4411, '1987-02-08', 1, 3, 1, 'admin', '1978-04-23 07:51:12'),
('4a2b2642-1825-63a1-7f1d-bb3758d4bac0', 'NV86816', 'Cupp1992', '1992-04-12', 1, '0406383706', '1970-03-14', 'Hollidaysburg', 'Adam.Adams913@example.com', '6057182402', '38246431', 23521416.2112, '2020-07-09', 3, 2, 1, 'admin', '1996-04-11 04:00:01'),
('4b619bbd-6908-1aaa-6f51-12b245ff3d02', 'NV28728', 'Bird398', '1994-07-22', 1, '2829735150', '1970-01-06', 'Howes', 'Duncan_EMeier@example.com', '9819502376', '68998692', 61791776.3739, '1982-01-14', 3, 0, 4, 'admin', '2012-01-18 06:40:46'),
('4c6f20c9-5fc4-6c72-849c-90632a97d71b', 'NV93122', 'Stevie1998', NULL, NULL, '4531110028', NULL, NULL, NULL, NULL, NULL, NULL, NULL, NULL, 1, 4, NULL, '1970-01-01 00:01:17'),
('4c7d90d4-74e6-3289-dd07-b3681f1cfddf', 'NV53677', 'Lawerence1955', '1995-02-19', 1, '1241862312', '1970-03-10', 'Abilene', 'Crystal_Mathews@nowhere.com', '9687443188', '07954295', 51305075.3507, '2010-09-19', 2, 2, 0, 'admin', '1989-02-16 20:15:23'),
('4d7ce77c-5dcd-47c6-16ca-194e61bec35f', 'NV55281', 'Beauchamp1993', '1992-06-23', 0, '8225273847', '1970-01-09', 'Abingdon', 'Eduardo.T.Hunter@example.com', '6409218486', '60081241', 58642836.6109, '1973-09-14', 2, 3, 2, 'admin', '1970-01-01 00:01:23'),
('4d9c0dc3-5955-719d-0dca-194e61bec35f', 'NV80342', 'Luther2020', NULL, NULL, '3950814355', NULL, NULL, NULL, NULL, NULL, NULL, NULL, NULL, 0, 2, NULL, '2000-01-31 09:16:21'),
('4f6dba62-1d39-48a1-839c-90632a97d71b', 'NV52968', 'Alba2015', NULL, NULL, '7497860184', NULL, NULL, NULL, NULL, '69243375', NULL, '1981-08-05', 3, 2, 0, NULL, '1984-06-30 17:34:07'),
('4f90b030-4eb9-532c-5123-b4512d979a92', 'NV69751', 'Connolly1995', '2000-07-30', 1, '3843163169', '2022-07-05', 'Wagner', 'vwasrfko.frlmgxtun@example.com', '2662979113', '35791403', 38234366.5490, '1980-01-07', 0, 1, 0, 'admin', '1997-09-22 06:57:42'),
('5028c96d-39f8-6b43-ff7e-9b9c7c262a46', 'NV30210', 'Homer2011', '1992-07-13', 0, '9261570770', '1970-02-08', 'Holden', 'Maribel_Bermudez124@nowhere.com', '1441040199', '94050062', 12585806.4386, '1971-07-14', 2, 3, 0, 'admin', '2009-06-14 15:10:23'),
('50ccb289-2321-75cb-f852-311a04b496f9', 'NV22566', 'Bao48', '1992-03-13', 1, '7781355616', '1970-01-03', 'Abrams', 'Yasmin_Ackerman5@example.com', '7603759372', '95152658', 51632837.2492, '1982-09-11', 0, 0, 4, 'admin', '1970-01-01 00:01:32'),
('510bbab3-5249-232b-7851-12b245ff3d02', 'NV22598', 'Tandy1974', '1999-12-17', 1, '7187162912', '2008-01-09', 'Holliday', 'cztoxz827@example.com', '6500682558', NULL, 41018473.1516, NULL, NULL, 1, 4, 'admin', '2001-03-29 15:44:37'),
('528f1e3c-5128-7a54-db07-b3681f1cfddf', 'NV49598', 'Adah1954', '1996-03-15', 1, '2771398118', '2015-09-03', 'Aberdeen Proving Ground', 'Gable@example.com', '8266359566', '91086604', 45196370.5028, '1970-01-07', 1, 3, 0, 'admin', '1994-01-04 22:42:50'),
('52c27f69-6908-3aae-f97e-9b9c7c262a46', 'NV90731', 'Guillen2015', NULL, NULL, '8220990531', NULL, NULL, NULL, NULL, NULL, NULL, NULL, NULL, 2, 1, NULL, '1993-07-10 16:41:05'),
('53012390-5398-25ee-fa52-311a04b496f9', 'NV17696', 'Willie1952', '1992-03-09', 0, '1055199195', '1970-02-21', 'Flossmoor', 'Fullerton@nowhere.com', '1014492815', '52814469', 72025225.0095, '2009-10-18', 2, 1, 4, 'admin', '1970-01-01 00:00:09'),
('53044921-777c-793f-7d1d-bb3758d4bac0', 'NV85617', 'Lucas165', '1993-03-01', 2, '4816355715', '1993-04-14', 'Huddleston', 'BlossomWilkes2@nowhere.com', '8298224796', '29513959', 12825176.6494, '1971-10-05', 3, 0, 1, 'admin', '1994-11-25 06:26:26'),
('53384f0f-6d75-2ee1-7051-12b245ff3d02', 'NV04167', 'Maynard331', '1998-04-09', 0, '1426964150', '1970-10-19', 'Rocky Point', 'Amador@example.com', '6476649626', '06666545', 68969168.6599, '1995-02-16', 1, 0, 0, 'admin', '1970-01-01 00:06:29'),
('53e4e0a6-787b-7f40-e507-b3681f1cfddf', 'NV86527', 'Michal1965', '2001-04-08', 0, '1858226439', '2008-02-13', 'Los Molinos', 'DominickAli@example.com', '1128537879', '83692989', 75804636.7540, '2011-01-16', 3, 2, 3, 'admin', '1999-03-30 19:02:20'),
('54585627-478f-26ae-24ca-194e61bec35f', 'NV50865', 'Adelaida1966', '1992-01-02', 0, '4863162888', '2002-11-18', 'Hubbardston', 'JuniorFelix95@example.com', '7797061470', NULL, 19860404.3522, NULL, NULL, 4, 0, 'admin', '1974-05-01 19:08:09'),
('54aa82db-2f4f-1af6-791d-bb3758d4bac0', 'NV50236', 'Drew556', '1994-03-11', 2, '7404001889', '1996-06-07', 'Los Fresnos', 'RaymondeChapman4@example.com', '7217149876', '04923552', 68582125.4526, '1990-09-11', 2, 1, 2, 'admin', '1970-01-01 00:01:40'),
('54dc5b0e-49da-30b1-5323-b4512d979a92', 'NV15281', 'Adah69', '1999-02-21', 1, '9251789447', '1970-01-04', 'Howard Lake', 'Hubbard8@example.com', '8368600349', '10219410', 37271726.1323, '1978-04-25', 2, 2, 2, 'admin', '1970-01-01 00:01:09'),
('54deb928-2035-51e9-11ca-194e61bec35f', 'NV91620', 'Vernon2007', '1993-04-29', 2, '6847300257', '1970-01-13', 'Lookout Mountain', 'Jewel.Albers24@nowhere.com', '8176179584', '66148215', 64709916.8944, '2012-11-30', 1, 1, 1, 'admin', '2012-06-18 17:18:03'),
('54fe1f7a-63fe-438d-7a1d-bb3758d4bac0', 'NV95912', 'Alex7', '2000-06-24', 0, '0681870406', '1970-02-24', 'Osage', 'Damion.Levine@nowhere.com', '0135631918', '28146907', 57108321.7801, '1972-08-10', 2, 1, 1, 'admin', '1970-01-01 00:00:46'),
('5564c4e9-1c25-79e8-5223-b4512d979a92', 'NV98729', 'Avery849', '1992-08-11', 0, '9989447754', '1988-07-31', 'Somis', 'Barber@nowhere.com', '1201804052', '22124833', 45566861.5718, '1983-07-20', 2, 2, 2, 'admin', '1970-01-01 00:00:02'),
('55707f35-5392-7e38-5423-b4512d979a92', 'NV58301', 'Palmer957', '1994-10-01', 2, '7256119597', '1991-07-03', 'Holderness', 'SidneyVail698@nowhere.com', '9180678380', '91559741', 21489161.5267, '1990-11-15', 3, 0, 2, 'admin', '1992-10-05 06:42:41'),
('560f4ae3-3cff-3c75-40d8-35a048ff0079', 'NV68524', 'Barton2018', '1992-03-11', 0, '4470347299', '1970-03-28', 'Holland', 'TommieHouse@example.com', '0854263600', '27319825', 70118377.8023, '1973-07-29', 2, 3, 3, 'admin', '1970-01-01 02:21:45'),
('5868dba6-7ae0-4210-5fd2-3c86733c21a7', 'NV70318', 'Larkin2002', '2004-12-18', 0, '6699522731', '2011-07-22', 'Sonora', 'ScarlettDow@nowhere.com', '9369910562', NULL, 65364646.4752, NULL, NULL, 1, 4, 'admin', '1983-06-06 16:46:52'),
('58fd9d1c-1c23-5387-3bd8-35a048ff0079', 'NV08669', 'Arnold1977', '1998-10-19', 2, '4806666545', '1977-02-21', 'Loris', 'Arcelia_Holbrook7@example.com', '6385662640', NULL, 30989628.7441, NULL, NULL, 2, 3, 'admin', '1970-01-01 02:13:50'),
('59ba1b9e-317d-790a-f252-311a04b496f9', 'NV79439', 'Evalyn1973', '1997-11-22', 0, '3378207645', '1989-09-12', 'Lookout', 'AddieTrice329@example.com', '5881045288', '81889737', 32051845.8299, '1972-06-15', 2, 2, 4, 'admin', '2008-06-14 20:40:29'),
('5c110042-382d-2352-1dca-194e61bec35f', 'NV40027', 'Abe746', '1992-03-11', 1, '2526565865', '1988-07-31', 'Holdingford', 'Archuleta571@example.com', '0474350855', '42144807', 72454943.9195, '2015-05-13', 3, 4, 4, 'admin', '1995-09-17 04:43:13'),
('5c60bd93-772a-77d3-12ca-194e61bec35f', 'NV97842', 'Marcelo13', NULL, NULL, '9207357914', NULL, NULL, NULL, NULL, '67653398', NULL, '1990-10-07', 3, 4, 2, NULL, '1970-01-01 00:05:07'),
('5da37d08-3207-6bf9-22ca-194e61bec35f', 'NV08973', 'Justa2000', '2000-04-09', 2, '9606043865', '1970-04-02', 'Los Gatos', 'Jutta.N.Bourque855@example.com', '1331408153', '33703201', 30772993.3843, '2004-10-18', 3, 1, 2, 'admin', '1970-01-01 00:01:04'),
('5e46491e-3b04-75f0-65d2-3c86733c21a7', 'NV38169', 'Abe29', '1997-05-27', 2, '4829953540', '1996-07-13', 'Waianae', 'AdrianaAponte@example.com', '7326383502', '22812222', 40582137.4859, '1970-02-26', 1, 1, 2, 'admin', '1973-08-16 23:58:14'),
('5e8663a8-1fab-7310-41d8-35a048ff0079', 'NV01083', 'Adalberto2003', '2003-01-28', 0, '8694814983', '1978-10-07', 'Holley', 'AlvaradoC9@example.com', '8125708922', '40509395', 63503002.9907, '1978-05-11', 0, 4, 0, 'admin', '1970-01-01 00:01:13'),
('60ca7f50-3444-1354-8f9c-90632a97d71b', 'NV80403', 'Scottie982', '1992-01-04', 2, '6527100065', '1970-02-07', 'Waialua', 'BernadetteEarley394@example.com', '1433789795', '94827620', 42353139.6978, '1973-09-16', 1, 3, 2, 'admin', '1973-09-30 14:02:15'),
('60f11bc5-7a3b-2256-5a23-b4512d979a92', 'NV62093', 'Jeffrey1996', '1992-01-09', 0, '8982087969', '2013-11-25', 'Los Olivos', 'BulaCromer7@example.com', '1848022605', '93142696', 23577054.2916, '1989-06-23', 1, 3, 0, 'admin', '1990-04-10 04:46:32'),
('60fb2166-655f-6fa9-4c23-b4512d979a92', 'NV40004', 'Crocker161', '2002-03-16', 1, '2700122040', '1989-09-11', 'Brockwell', 'KimberlieCrocker@nowhere.com', '6207697935', '86048237', 35881454.8440, '1974-07-16', 3, 1, 3, 'admin', '2005-07-10 19:05:27'),
('60fb974f-160b-23e4-809c-90632a97d71b', 'NV01846', 'Hilario1959', '2004-11-10', 0, '3026578858', '1973-02-15', 'Flippin', 'MaryjoFurman479@example.com', '7924525008', '26737374', 60257691.5527, '1977-09-04', 3, 2, 1, 'admin', '1970-01-01 00:00:08'),
('61dac37f-6a04-4fd8-21ca-194e61bec35f', 'NV44662', 'Chantell1', NULL, NULL, '3191637431', NULL, NULL, NULL, NULL, '96877451', NULL, '2011-10-29', 2, 0, 1, NULL, '1970-01-01 00:00:52'),
('61e45a37-32b4-236c-10ca-194e61bec35f', 'NV34441', 'Marilu1968', '1993-08-24', 0, '9588079542', '1993-07-26', 'Wadley', 'SteinerK@example.com', '0675147621', '12204010', 51347053.9905, '2004-01-11', 2, 0, 4, 'admin', '1970-01-01 00:10:02'),
('6210da0c-49de-4f8f-f452-311a04b496f9', 'NV07800', 'Mendy65', '1995-04-02', 1, '2412564008', '1996-01-10', 'Howard City', 'DewittWeatherly@example.com', '7753453353', '52495426', 77899331.5042, '1972-08-02', 3, 4, 1, 'admin', '1970-01-01 00:00:12'),
('62791223-3067-7e01-7c9c-90632a97d71b', 'NV71295', 'Abel79', '1993-07-12', 2, '6336094854', '1977-09-09', 'Abercrombie', 'mxwygtmf_ahjpwboxdy@example.com', '0797509304', '27828005', 17743138.0254, '1991-02-12', 2, 3, 4, 'admin', '1970-01-01 00:10:39'),
('627c4ec2-4cb4-32a9-37d8-35a048ff0079', 'NV57090', 'Mack1955', '1993-11-11', 0, '8198947993', '1972-05-11', 'Hoven', 'Oliva_Caskey572@example.com', '4508173603', '80012011', 54093677.3791, '2021-01-15', 3, 2, 4, 'admin', '2006-06-28 04:16:20'),
('633480c7-4698-4048-f152-311a04b496f9', 'NV69113', 'Antonio2012', '2004-10-20', 2, '6765339854', '2018-04-03', 'Somerset', 'Sipes449@example.com', '8298703153', '65550170', 42110523.0596, '2016-06-19', 0, 3, 4, 'admin', '1970-01-01 00:16:31'),
('63bc8b56-7aa2-7bac-20ca-194e61bec35f', 'NV67860', 'Oneal1950', '1992-01-09', 2, '2243389970', '1970-04-21', 'Los Banos', 'Beale38@nowhere.com', '7018610989', NULL, 50297401.0051, NULL, NULL, 4, 3, 'admin', '1970-01-01 00:00:55'),
('63d20f20-36e8-216c-859c-90632a97d71b', 'NV36839', 'Avery654', '1992-06-24', 2, '3895538641', '1997-06-30', 'Howell', 'taclh4@example.com', '1441180988', '70777557', 11103481.0078, '1970-01-02', 0, 1, 0, 'admin', '2005-03-05 16:35:51'),
('64a0a23c-5281-548d-5c23-b4512d979a92', 'NV11288', 'Asuncion1975', '2000-11-30', 0, '0279631893', '2021-06-22', 'Los Osos', 'Cochran@nowhere.com', '8083211522', '91637431', 50894843.4657, '2017-01-04', 1, 3, 0, 'admin', '2000-01-18 13:32:35'),
('64bd38b8-7a09-6af2-ef52-311a04b496f9', 'NV61954', 'Abernathy1968', '1993-04-16', 0, '0824032676', '2019-11-28', 'Somerdale', 'Darell_Centeno27@example.com', '2092864117', '19089103', 39020430.3374, '1970-01-07', 0, 1, 0, 'admin', '1970-01-01 00:01:06'),
('64ceb9e5-6d33-21cb-25ca-194e61bec35f', 'NV45987', 'Russell667', '1995-09-27', 1, '8666746221', '1972-03-20', 'Flowery Branch', 'xlcqxnnl.yqmvuwvohg@example.com', '7017864570', '29608477', 73382444.2585, '1986-11-02', 0, 0, 0, 'admin', '1992-04-25 07:06:05'),
('65299f89-37c7-64c4-829c-90632a97d71b', 'NV61372', 'Noonan2015', '1993-09-05', 1, '0442689986', '1970-03-24', 'Rocky Ford', 'Woodworth@nowhere.com', '5690639585', '54583017', 72407699.8219, '1970-01-10', 0, 0, 1, 'admin', '1970-01-01 00:43:29'),
('657c706b-1ae8-2df3-0c7f-9b9c7c262a46', 'NV80125', 'Galarza1968', '2000-07-21', 1, '3450390872', '1990-06-16', 'Rodeo', 'ueuozbyw_ipoe@nowhere.com', '3078444934', '81695931', 36364584.2660, '1976-08-03', 2, 3, 2, 'admin', '2010-08-06 13:40:10'),
('6652e22c-24f1-7914-7251-12b245ff3d02', 'NV01884', 'Wilbur2028', '1992-05-09', 1, '5505898974', '1986-09-05', 'Holiday', 'Abreu@example.com', '9695041856', NULL, 15299313.3531, NULL, NULL, 1, 3, 'admin', '2019-07-01 01:41:15'),
('67c26ee8-27b1-3b05-e307-b3681f1cfddf', 'NV43937', 'Ruth742', '1993-01-19', 2, '5810228122', '2007-02-04', 'Absarokee', 'EunaCrabtree32@example.com', '8850519650', '56119597', 47386473.7504, '2012-04-20', 1, 4, 4, 'admin', '1977-04-15 19:45:06'),
('6800d56b-5f57-4c7e-e807-b3681f1cfddf', 'NV58637', 'Gentry1976', '1998-09-10', 2, '6278823348', '1970-01-04', 'Osawatomie', 'MaximoConrad2@nowhere.com', '5942963539', '54683354', 71358693.1990, '1977-01-20', 2, 0, 1, 'admin', '2000-07-19 07:33:15'),
('6838fb0f-5a92-62a6-087f-9b9c7c262a46', 'NV64699', 'Custer1986', '1995-06-27', 1, '5468335412', '2003-02-18', 'Wahoo', 'CushmanI9@example.com', '0772233467', '82616889', 71345522.3624, '1970-01-01', 3, 2, 1, 'admin', '1970-01-01 02:16:16'),
('68a4da3b-5f00-3558-7e1d-bb3758d4bac0', 'NV47654', 'Bernardo2017', '1992-01-03', 2, '4381480782', '1997-09-14', 'Hudson', 'Billings@example.com', '7973931753', '23427384', 68123590.6506, '1970-01-27', 3, 0, 0, 'admin', '1970-01-01 00:01:30'),
('692d207a-12fe-54e6-6351-12b245ff3d02', 'NV20017', 'Abraham968', '1992-01-04', 0, '1163886148', '1970-01-04', 'Zuni', 'AbrahamAcevedo@example.com', '9463011450', '11638861', 49181115.5600, '2009-04-01', 3, 2, 2, 'admin', '1970-01-01 00:00:04'),
('692ef893-245c-5ee8-18ca-194e61bec35f', 'NV85142', 'Deana55', '1992-01-04', 2, '3539574582', '1971-09-06', 'Somonauk', 'Willie.Byrnes618@example.com', '2687256881', '34541898', 67717822.7089, '2020-03-28', 2, 2, 2, 'admin', '1970-01-01 01:41:19'),
('6a5e9417-74a0-4f25-5ad2-3c86733c21a7', 'NV16182', 'Chaney85', '2002-12-09', 2, '2318121236', '2003-02-17', 'Loomis', 'mcvgy02@example.com', '9217460584', '21519440', 65916013.3143, '1988-12-02', 3, 1, 0, 'admin', '1970-01-01 00:07:20'),
('6aa358d1-22dc-540d-26ca-194e61bec35f', 'NV52686', 'Roy2020', '1996-09-23', 1, '7579442233', '1997-10-30', 'Flowood', 'Meeker427@example.com', '9520342553', '39097620', 46205104.5410, '1985-10-25', 2, 3, 2, 'admin', '1970-01-01 00:15:27'),
('6b1618ea-4d30-28ae-5823-b4512d979a92', 'NV39919', 'Parsons529', '2002-06-14', 2, '0673269182', '1987-04-29', 'Wahpeton', 'AileenKoonce178@example.com', '3050910004', '68569377', 15989211.4681, '1981-08-11', 0, 1, 2, 'admin', '1974-12-18 11:04:22'),
('6b87e114-2d8b-376e-60d2-3c86733c21a7', 'NV75734', 'Drema4', '1992-01-03', 2, '0158095281', '1976-11-20', 'Floral Park', 'egsrdmnd0272@example.com', '4297970581', '78433539', 34151039.9177, '1986-07-07', 0, 1, 0, 'admin', '1970-01-01 01:25:02'),
('6b943011-2b13-2de7-7551-12b245ff3d02', 'NV49682', 'Denis95', '2004-05-18', 0, '7801207795', '2003-10-29', 'Bronx', 'Roberts291@example.com', '9154486425', '65015809', 33509120.2514, '2018-07-17', 1, 2, 0, 'admin', '1989-02-15 18:04:53'),
('6bda4f04-7f7f-6e35-7b1d-bb3758d4bac0', 'NV45954', 'Prichard2027', '1992-03-10', 0, '8792240630', '2013-09-16', 'Flourtown', 'MiguelTorrence7@example.com', '9307287721', '02262585', 17037176.6593, '2016-08-24', 0, 0, 0, 'admin', '2005-11-07 06:31:54'),
('6c233fc4-3a53-170d-35d8-35a048ff0079', 'NV64673', 'Alesia1990', '2002-06-29', 2, '4059328446', '1973-12-29', 'Lookeba', 'SeeleyJ@example.com', '2673555266', '26966174', 25488351.5893, '2006-03-07', 0, 4, 3, 'admin', '1971-06-04 14:10:54'),
('6c82d706-7f55-2eb9-f652-311a04b496f9', 'NV50961', 'Jarrod1973', '1993-03-30', 0, '1402262585', '1971-02-28', 'Florence', 'wsvizmxj_dvfclhlkum@example.com', '1033552086', '51168106', 47568706.7437, '2008-06-04', 1, 1, 0, 'admin', '1996-10-02 06:51:05'),
('6c9bcde3-2605-2ba9-63d2-3c86733c21a7', 'NV50851', 'Lashaun2022', '2001-07-03', 2, '3135606096', '1972-02-17', NULL, 'Aldridge1@example.com', '9280312876', '40586182', 23719290.7427, '1998-10-24', 0, 3, 3, 'admin', '2002-10-18 21:25:01'),
('6d432c77-4237-5eee-5923-b4512d979a92', 'NV35666', 'Willian2008', '1992-01-02', 1, '5308403959', '1970-03-05', 'Hollansburg', 'AbbieCloud53@example.com', '9344363682', NULL, 16621318.8660, NULL, NULL, 2, 3, 'admin', '1970-01-01 00:00:03'),
('6dc3a4f8-1584-693e-5623-b4512d979a92', 'NV91856', 'Markus1989', '2002-05-10', 1, '4050939593', '2011-11-02', 'Los Angeles', 'JodyK.Hagen@example.com', '5737009567', '80214148', 17253241.6835, '1988-11-15', 3, 0, 1, 'admin', '1976-09-13 02:29:59'),
('6efa111e-1f9a-3c44-dc07-b3681f1cfddf', 'NV44795', 'Trent844', '1997-01-31', 2, '9511415484', '1971-08-25', 'Houston', 'Daily37@example.com', '9398788401', '63544944', 75038441.0115, '1975-02-02', 2, 1, 3, 'admin', '1970-01-01 01:59:55'),
('6f678f23-7a3d-16c9-e207-b3681f1cfddf', 'NV08599', 'Souza815', '2003-07-21', 2, '4244110053', '1970-02-13', 'Rocky Mount', 'Leahy@example.com', '5073897319', '45311100', 25484993.6066, '1970-02-17', 1, 4, 1, 'admin', '1991-03-06 11:39:31'),
('6f91bf5c-6c92-7d89-711d-bb3758d4bac0', 'NV49007', 'Alphonso1996', '1993-05-09', 0, '0591086604', '2002-06-14', 'Waddington', 'Dennis@example.com', '4239332691', '99082403', 65070947.3204, '2000-09-13', 0, 1, 4, 'admin', '1970-01-01 00:57:34'),
('6fc189b6-5466-39fd-7d9c-90632a97d71b', 'NV02402', 'Douglass6', '1999-08-10', 2, '5156387529', '1993-12-11', 'Wadena', 'mivxztrm_txjxxsw@example.com', '1455481148', '80380123', 63398157.9648, '1979-11-20', 0, 3, 0, 'admin', '2000-08-24 00:53:56'),
('702c2529-6155-58cc-879c-90632a97d71b', 'NV51337', 'Fannie2008', '2001-09-12', 2, '9377868648', '1970-02-13', 'Los Alamos', 'Powers@nowhere.com', '6531601504', '77564964', 38814986.5238, '1995-06-29', 0, 2, 2, 'admin', '2017-11-02 00:57:10'),
('711cbc05-74c7-1801-fd7e-9b9c7c262a46', 'NV81066', 'Lancaster569', NULL, NULL, '4171833475', NULL, NULL, NULL, NULL, '57477709', NULL, '1970-03-30', 1, 3, 4, NULL, '1970-01-01 00:09:11'),
('715ee91c-59c3-5e9a-4f23-b4512d979a92', 'NV27475', 'Tyrell2000', '2003-07-14', 2, '2635052673', '1992-04-15', 'Houtzdale', 'Caballero313@example.com', '1066234494', '32277139', 59702565.6160, '1993-12-11', 0, 4, 0, 'admin', '1970-01-01 00:00:38'),
('71b7adfa-325e-2911-42d8-35a048ff0079', 'NV63518', 'Armand1953', '1992-01-03', 2, '0141309938', '1992-04-19', 'Roduco', 'Ahrens347@nowhere.com', '2426147437', '72485810', 36588639.0284, '1978-10-07', 0, 0, 3, 'admin', '2012-04-08 07:48:10'),
('72056024-5083-18ab-5523-b4512d979a92', NULL, 'Daniele1954', '1992-02-20', 0, '4469460335', '1970-01-09', 'Holdrege', 'Heath.Harder@example.com', '6219162218', '57458204', 62531319.4464, '1970-01-06', 2, 3, 3, 'admin', '2001-09-22 02:14:00'),
('720a99ef-3b6b-1ee5-da07-b3681f1cfddf', 'NV85614', 'Laci2018', '1994-04-17', 1, '1063544944', '1985-11-03', 'Somers Point', 'oxdngcmz8118@example.com', '5709051409', '92508760', 56213765.6101, '2016-10-18', 1, 2, 0, 'admin', '2014-07-19 02:17:53'),
('7295cd7e-76e9-5631-5723-b4512d979a92', 'NV63083', 'Abraham399', '1995-02-21', 2, '0741447869', '2002-03-26', 'Bronaugh', 'Zina_Ojeda@nowhere.com', '2047217657', '87513401', 69018582.6903, '2007-10-16', 3, 4, 4, 'admin', '1970-01-01 00:01:27'),
('735d3ea2-7191-4e06-32d8-35a048ff0079', 'NV50930', 'Celestine1984', '2002-12-10', 1, '8038012386', '2014-08-23', 'Orrs Island', 'rfgxqoso9811@example.com', '8115006633', '09485449', 34913782.4849, '2011-03-17', 3, 4, 3, 'admin', '1970-01-01 00:00:25'),
('737ca11c-416d-5cb8-6c51-12b245ff3d02', 'NV67891', 'Hatley2020', '2003-04-06', 2, '8619271276', '2000-10-04', 'Lorton', 'Hoyle@example.com', '1027541802', '72831082', 10018084.9583, '2021-08-11', 2, 0, 3, 'admin', '1996-11-07 17:44:25'),
('7412ad74-4b1c-6004-f552-311a04b496f9', 'NV95956', 'Crittenden2007', '1999-03-13', 0, '5649649154', '1971-07-25', 'Orting', 'Zane.Conklin@example.com', '9949349602', '29376244', 62801541.1758, '1983-05-29', 2, 0, 3, 'admin', '2000-08-10 15:17:28'),
('74dfad63-3ce9-7099-771d-bb3758d4bac0', 'NV59095', 'Angel2028', '1992-01-01', 0, '1853406856', '2018-10-03', 'Howells', 'jsucb1139@example.com', '9050865170', '32747628', 27090974.6779, '1981-07-01', 2, 2, 1, 'admin', '1973-06-03 13:09:17'),
('74f735ee-1f09-76a0-027f-9b9c7c262a46', 'NV43167', 'Rolando9', NULL, NULL, '1526587195', NULL, NULL, NULL, NULL, '44775424', NULL, '2005-08-16', 1, 3, 2, NULL, '2001-06-16 03:38:11'),
('75303422-67ef-36a4-5ed2-3c86733c21a7', 'NV96592', 'Lyla822', '1993-11-07', 2, '0451168106', '2016-02-01', 'Abington', 'AliseChavarria67@example.com', '4393782948', '38431631', 73418637.5787, '1986-08-23', 3, 1, 3, 'admin', '2007-10-12 17:47:27'),
('755d7f28-4346-2fff-61d2-3c86733c21a7', 'NV57004', 'Alexis2024', '1992-01-06', 1, '3247236542', '1971-01-13', 'Sophia', 'kcyqh2670@example.com', '9128573029', '25185340', 56355617.1540, '1971-01-07', 3, 1, 4, 'admin', '1976-11-14 07:34:11'),
('7602e418-3af8-3d29-037f-9b9c7c262a46', 'NV39770', 'Percy571', '2004-12-11', 1, '8751340191', '1986-08-23', 'Howe', 'Medley456@example.com', '7883125261', '36822527', 55177329.7005, '1979-12-14', 0, 1, 2, 'admin', '1993-11-02 18:43:39'),
('76fad6c7-6d93-7edb-0a7f-9b9c7c262a46', 'NV89572', 'Sasha698', '1997-04-16', 1, '6425592596', '1992-10-15', 'Hubbard', 'AngelDFlorez838@example.com', '4262890286', '50669952', 76232745.2299, '2007-08-14', 2, 0, 4, 'admin', '1970-05-14 15:24:44'),
('77b3727c-71c0-3b4d-0cca-194e61bec35f', 'NV45008', 'Markus549', '2001-02-28', 0, '5243237879', '1988-03-07', 'Solon Springs', 'Jude_High169@example.com', '0824234958', NULL, 72757583.9940, NULL, NULL, 3, 1, 'admin', '1996-06-21 08:47:00'),
('77bbde78-3418-32c1-057f-9b9c7c262a46', 'NV25097', 'Andre1996', '2003-09-20', 1, '8369298975', '1996-01-14', 'Holgate', 'Brown@nowhere.com', '9948726674', '74978601', 28053149.9332, '1992-11-21', 2, 4, 0, 'admin', '2003-04-16 14:30:00'),
('77c7d624-6477-5f23-6f1d-bb3758d4bac0', 'NV94471', 'Jason4', '1992-01-08', 2, '8726724206', '1970-01-08', 'Waconia', 'Bauer@example.com', '7670349273', '48524323', 41691084.9261, '1992-08-04', 3, 1, 3, 'admin', '1970-01-01 00:00:08'),
('7974334f-4281-7b04-14ca-194e61bec35f', 'NV72223', 'Dewitt2010', NULL, NULL, '6341078778', NULL, NULL, NULL, NULL, '45263505', NULL, '1970-02-16', 2, 0, 3, NULL, '1970-01-01 00:00:06'),
('7b51c9df-736a-1711-929c-90632a97d71b', 'NV60898', 'Terry756', '2004-07-23', 1, '3339342939', '1984-10-01', 'Waikoloa', 'Clemens5@nowhere.com', '1260064329', '89745582', 54800776.3972, '1972-05-03', 1, 1, 0, 'admin', '1970-01-01 00:00:06'),
('7bf88b91-54f3-1421-047f-9b9c7c262a46', 'NV37000', 'Windham2000', '1992-01-22', 0, '5428146907', '1991-12-26', 'Wagram', 'Ellington5@example.com', '5954406573', '91540442', 51231567.5059, '1973-01-10', 3, 0, 3, 'admin', '1977-09-14 07:03:33'),
('7cb1940b-5eed-661b-7751-12b245ff3d02', 'NV60158', 'Ernie87', '2002-12-22', 2, '8601971486', '1971-04-18', 'Accomac', 'Ali_Chavarria@example.com', '8699793223', '41509110', 52239385.1824, '2009-04-26', 2, 3, 0, 'admin', '1989-11-05 07:53:07'),
('7ccbf2b8-647f-5a87-fc52-311a04b496f9', 'NV22987', 'Raleigh26', '1993-04-17', 2, '2969754204', '2005-04-11', 'Flower Mound', 'Jessie_MMata@example.com', '6251242007', '22496242', 60533722.0817, '1970-08-23', 2, 3, 2, 'admin', '1970-01-01 00:06:32'),
('7cf968fa-7a6a-29fe-7351-12b245ff3d02', 'NV91806', 'Mcconnell36', NULL, NULL, '6566251409', NULL, NULL, NULL, NULL, '80340505', NULL, '2018-05-08', 0, 2, 3, NULL, '1970-01-01 00:00:38'),
('7e3c75ea-6805-15e4-0d7f-9b9c7c262a46', 'NV68523', 'Brenton291', '1994-07-13', 0, '5171512334', '1970-01-09', 'Bronxville', 'GrantCampos842@example.com', '3614004189', '26198048', 15451462.1488, '2012-11-15', 3, 2, 2, 'admin', '1997-05-08 10:00:20'),
('7f5cc2ff-4533-3f5e-e407-b3681f1cfddf', 'NV72959', 'Cassi7', '1992-09-18', 1, '7367838542', '2008-01-03', 'Holladay', 'Katz@example.com', '8336027869', '76389553', 65473390.9172, '2001-09-13', 2, 0, 3, 'admin', '2014-06-02 07:10:34');

-- 
-- Restore previous SQL mode
-- 
/*!40101 SET SQL_MODE=@OLD_SQL_MODE */;

-- 
-- Enable foreign keys
-- 
/*!40014 SET FOREIGN_KEY_CHECKS = @OLD_FOREIGN_KEY_CHECKS */;